name,category,price,description,prep_minutes,ingredient,ingredient_qty,wastage_percent,barcode
ABC (bottled),Beer,25.00,,2,ABC (bottled),1,,
Club (bottled),Beer,25.00,,2,Club (bottled),1,,
Eagle 330ml,Beer,25.00,,2,Eagle 330ml,1,,
Guinness 330ml,Beer,20.00,,2,Guinness 330ml,1,,
Gulder Large Bottle,Beer,30.00,,2,Gulder Large Bottle,1,,
Orijin (bottled),Beer,25.00,,2,Orijin (bottled),1,,
Savanna,Beer,40.00,,2,Savanna,1,,
Shandy,Beer,25.00,,2,Shandy,1,,
Smirnoff Ice,Beer,30.00,,2,Smirnoff Ice,1,,
Star Large Bottle,Beer,30.00,,2,Star Large Bottle,1,,
African Old Fashioned Herb+Alomo gold,Cocktails,40.00,,3,Herb Afrique Bottle,1.0,,
African Old Fashioned Herb+Alomo gold,Cocktails,,,,Alomo Gold bottle,1.0,,
African Old Fashioned Herb+Alomo gold,Cocktails,,,,Lime,1.0,,
African Old Fashioned Herb+Kalahari,Cocktails,40.00,,3,Herb Afrique Bottle,1.0,,
African Old Fashioned Herb+Kalahari,Cocktails,,,,Kalahari Bottle,1.0,,
African Old Fashioned Herb+Kalahari,Cocktails,,,,Lime,1.0,,
African Old Fashioned Herb+Madingo,Cocktails,40.00,,3,Madingo Bottle,1.0,,
African Old Fashioned Herb+Madingo,Cocktails,,,,Herb Afrique Bottle,1.0,,
African Old Fashioned Herb+Madingo,Cocktails,,,,Lime,1.0,,
Akpeteshie & Soda,Cocktails,40.00,,3,Akpeteshie Bottle,1.0,,
Akpeteshie & Soda,Cocktails,,,,Lime,1.0,,
Akpeteshie & Soda,Cocktails,,,,Soda,1.0,,
Amarula Expresso matini,Cocktails,80.00,,3,Smirnoff Bottle,0.5,,
Amarula Expresso matini,Cocktails,,,,Coffee Stock,15.0,,
Amarula Expresso matini,Cocktails,,,,Amarula bottle,1.0,,
Caipirinha,Cocktails,50.00,,3,Brown sugar,13.0,,
Caipirinha,Cocktails,,,,Akpeteshie Bottle,1.0,,
Caipirinha,Cocktails,,,,Lime,2.0,,
Caipirinha + Havana,Cocktails,70.00,,3,Havana Club Bottle,1.0,,
Caipirinha + Havana,Cocktails,,,,Lime,2.0,,
Caipirinha + Havana,Cocktails,,,,Brown sugar,13.0,,
Cuba Libre,Cocktails,70.00,,3,Havana Club Bottle,1.0,,
Cuba Libre,Cocktails,,,,Cola,1.0,,
Cuba Libre,Cocktails,,,,Lime,1.0,,
Ghana Libre,Cocktails,60.00,,3,Akpeteshie Bottle,1.0,,
Ghana Libre,Cocktails,,,,Lime,1.0,,
Ghana Libre,Cocktails,,,,Cola,1.0,,
Gin Basil Smash Beefeater,Cocktails,80.00,,3,Beefeater Gin Bottle,1.0,,
Gin Basil Smash Beefeater,Cocktails,,,,Tonic,1.0,,
Gin Basil Smash Beefeater,Cocktails,,,,Lime,1.0,,
Gin Basil Smash Beefeater,Cocktails,,,,Basil leave,4.0,,
Gin Basil Smash Castle Bridge,Cocktails,70.00,,3,Castle Bridge Gin Bottle,1.0,,
Gin Basil Smash Castle Bridge,Cocktails,,,,Tonic,1.0,,
Gin Basil Smash Castle Bridge,Cocktails,,,,Lime,1.0,,
Gin Basil Smash Castle Bridge,Cocktails,,,,Basil leave,4.0,,
Gin Tonic Beefeater,Cocktails,80.00,,3,Tonic,1.0,,
Gin Tonic Beefeater,Cocktails,,,,Lime,1.0,,
Gin Tonic Beefeater,Cocktails,,,,Beefeater Gin Bottle,1.0,,
Gin Tonic Castle Bridge,Cocktails,70.00,,3,Castle Bridge Gin Bottle,1.0,,
Gin Tonic Castle Bridge,Cocktails,,,,Tonic,1.0,,
Gin Tonic Castle Bridge,Cocktails,,,,Lime,1.0,,
Honey I'm Home,Cocktails,65.00,,3,Havana Club Bottle,1.0,,
Honey I'm Home,Cocktails,,,,Lime,2.0,,
Honey I'm Home,Cocktails,,,,Honey,0.03,,
Lemonade + Rum,Cocktails,60.00,,3,Havana Club Bottle,1.0,,
Lemonade + Rum,Cocktails,,,,Lemonade,1.0,,
Lemonade + Vodka,Cocktails,60.00,,3,Smirnoff Bottle,1.0,,
Lemonade + Vodka,Cocktails,,,,Lemonade,1.0,,
Mojito,Cocktails,80.00,,3,Havana Club Bottle,1.0,,
Mojito,Cocktails,,,,Soda,1.0,,
Mojito,Cocktails,,,,Mint leaves,4.0,,
Mojito,Cocktails,,,,Brown sugar,13.0,,
Mojito,Cocktails,,,,Lime,1.0,,
Pineapple Mint Mojito,Cocktails,85.00,,3,Havana Club Bottle,1.0,,
Pineapple Mint Mojito,Cocktails,,,,Pineapple,2.0,,
Pineapple Mint Mojito,Cocktails,,,,Mint leaves,4.0,,
Pineapple Mint Mojito,Cocktails,,,,Lime,1.0,,
Prima Sprite,Cocktails,55.00,,3,Malibu Bottle,1.0,,
Prima Sprite,Cocktails,,,,Sprite,1.0,,
Prima Sprite,Cocktails,,,,Lime,1.0,,
Smirnoff Soda & Lime,Cocktails,70.00,,3,Smirnoff Bottle,1.0,,
Smirnoff Soda & Lime,Cocktails,,,,Lime,1.0,,
Smirnoff Soda & Lime,Cocktails,,,,Soda,1.0,,
Sobolo + Rum,Cocktails,70.00,,3,Havana Club Bottle,1.0,,
Sobolo + Rum,Cocktails,,,,Sobolo (sorrel),1.0,,
Sobolo + Soda,Cocktails,50.00,,2,,,,
Sobolo + Vodka,Cocktails,70.00,,3,Smirnoff Bottle,1.0,,
Sobolo + Vodka,Cocktails,,,,Sobolo (sorrel),1.0,,
Whiskey Sour,Cocktails,60.00,,2,,,,
chi-chi's juju,Cocktails,60.00,,3,Akpeteshie Bottle,1.0,,
chi-chi's juju,Cocktails,,,,Kalahari Bottle,0.5,,
chi-chi's juju,Cocktails,,,,Lime,1.0,,
chi-chi's juju,Cocktails,,,,Tonic,1.0,,
Americano,Coffee,20.00,,2,Coffee Stock,15.0,,
Espresso,Coffee,15.00,,2,Coffee Stock,15.0,,
Iced Espresso,Coffee,25.00,,2,Coffee Stock,15.0,,
Iced Latte,Coffee,35.00,,2,Coffee Stock,15.0,,
Iced Latte,Coffee,,,,Full cream milk,0.25,,
Latte,Coffee,30.00,,2,Coffee Stock,15.0,,
Latte,Coffee,,,,Full cream milk,0.25,,
Fresh coconut,Juices,15.00,,2,,,,
Fresh orange juice,Juices,25.00,,2,Orange,3.0,,
Fresh pineapple juice,Juices,25.00,,2,Pineapple,2.0,,
Ginger beer,Juices,25.00,,2,,,,
Iced Tea,Juices,25.00,,2,,,,
Lemonade,Juices,25.00,,2,Lemonade,1,,
Sobolo (sorrel),Juices,25.00,,2,Sobolo (sorrel),1,,
Plantain chips,Snacks,40.00,,2,Plantain chips,1,,
Alvaro,Soft,15.00,,2,Alvaro,1,,
Cola,Soft,10.00,,2,Cola,1,,
Fanta,Soft,10.00,,2,Fanta,1,,
Malt (bottled),Soft,15.00,,2,Malt (bottled),1,,
Soda,Soft,10.00,,2,Soda,1,,
Sprite,Soft,10.00,,2,Sprite,1,,
Tonic,Soft,10.00,,2,Tonic,1,,
8pm Whiskey 2.5cl,Spirits,10.00,,2,,,,
Adonko Bitters 2.5cl,Spirits,5.00,,2,,,,
Akpeteshi 2.5cl,Spirits,5.00,,2,Akpeteshie Bottle,1.0,,
Alomo Bitters 2.5cl,Spirits,5.00,,2,,,,
Alomo Gold 2.5cl,Spirits,5.00,,2,Alomo Gold bottle,1.0,,
Alomo Silver 2.5cl,Spirits,5.00,,2,,,,
Amarula 2.5cl,Spirits,30.00,,2,Amarula bottle,1.0,,
Beefeater Gin 0.05cl,Spirits,30.00,,2,Beefeater Gin Bottle,1.0,,
Black Rock Honey Whiskey 2.5cl,Spirits,10.00,,2,Black Rock Honey Whiskey Bottle,1.0,,
Brandy 2.5cl,Spirits,10.00,,2,Brandy bottle,1.0,,
Captain Morgan 2.5cl,Spirits,30.00,,2,,,,
Castle Bridge Gin 2.5cl,Spirits,10.00,,2,Castle Bridge Gin Bottle,1.0,,
Castle Milk Stout 2.5cl,Spirits,15.00,,2,,,,
GH flame 2.5cl,Spirits,10.00,,2,GH flame Bottle,1.0,,
Havana Club 2.5cl,Spirits,30.00,,2,Havana Club Bottle,1.0,,
Herb Afrique 2.5cl,Spirits,5.00,,2,Herb Afrique Bottle,1.0,,
Kalahari 2.5cl,Spirits,5.00,,2,,,,
Madingo 2.5cl,Spirits,5.00,,2,Madingo Bottle,1.0,,
Malibu 2.5cl,Spirits,25.00,,2,Malibu Bottle,1.0,,
Palm Rebel 2.5cl,Spirits,10.00,,2,Palm Rebel Bottle,1.0,,
Smirnoff 2.5cl,Spirits,20.00,,2,,,,
Strawberry Cardinal,Spirits,5.00,,2,,,,
Tequila Gold 2.5cl,Spirits,25.00,,2,,,,
Tequila Silver 2.5cl,Spirits,25.00,,2,,,,
